Student.StudentID,Student.Name,AccountStudentID,Account.Password,Account.Email
167678,Chane Sutherland,167678,uhAOdKjZ,csutherland0@discuz.net
467314,Nertie Dumelow,467314,bn7mQTVKh,ndumelow1@booking.com
519358,Hailey Baughan,519358,PAWR0T4Ull,hbaughan2@ebay.com
709713,Adelaide Prendiville,709713,qEmSFtCinzB8,aprendiville3@thetimes.co.uk
014711,Arron Najera,014711,cEvUEBbX,anajera4@elpais.com
288043,Corrie Robbey,288043,qvXg2j5x,crobbey5@sitemeter.com
522029,Tamiko Branscomb,522029,PC96Rjli,tbranscomb6@sciencedaily.com
123295,Pandora Doxey,123295,X0Iqgy0h5,pdoxey7@liveinternet.ru
515361,Gena Hamberston,515361,SiIlzAd,ghamberston8@lycos.com
620241,Molli Dionisii,620241,CMuPJG2t,mdionisii9@nbcnews.com
486967,Monique Grainger,486967,4avcBZRwK,mgraingera@apache.org
377115,Pamella Hollow,377115,MgYtdSnO,phollowb@guardian.co.uk
130463,Ola Huge,130463,Jg0nGO,ohugec@google.es
568547,Nappie Teeney,568547,1E8lsgkPTTw,nteeneyd@taobao.com
113678,Levon Alloisi,113678,SdsHKY9OQmM,lalloisie@blogtalkradio.com
429298,Jared Whaplington,429298,7qnmBIffHd,jwhaplingtonf@tuttocitta.it
884820,Tania Slyvester,884820,nu6sV5s7,tslyvesterg@baidu.com
735296,Moise Bettinson,735296,vLnelk,mbettinsonh@princeton.edu
374087,Jesse Arnet,374087,GY6yld8O,jarneti@pen.io
928249,Jonathan Limb,928249,CbYvwxGAi,jlimbj@mlb.com
017514,Amabelle Bachnic,017514,Vsr89RB,abachnick@unc.edu
854527,Tonye McNaughton,854527,U97VXz,tmcnaughtonl@jiathis.com
925514,Shaun Saffin,925514,TToTCTI1XY,ssaffinm@samsung.com
176585,Annaliese Hinckesman,176585,mEwnTw,ahinckesmann@ameblo.jp
143691,Harp Luis,143691,NvnOR0YX,hluiso@cbsnews.com
927064,Putnam Moughton,927064,VP6RnOWcqK,pmoughtonp@yale.edu
293088,Harriett Clamp,293088,DYRRmG,hclampq@indiatimes.com
095355,Robinson Reston,095355,KeTRFBDk1j9,rrestonr@istockphoto.com
182031,Bari Bum,182031,UAV5VqO,bbums@samsung.com
843687,Galven O'Flaherty,843687,jNuGDWoDNykF,goflahertyt@adobe.com
189845,Adamo Hollyard,189845,Dde3Mk,ahollyardu@booking.com
264276,Roland Presland,264276,U2gCNDZ9Dc,rpreslandv@berkeley.edu
599730,Chic Penwell,599730,keP7Me2zL1Ly,cpenwellw@jugem.jp
124879,Wendi Python,124879,QPji47faW3,wpythonx@pbs.org
220309,Matthew Fernez,220309,0VKd44U38z,mfernezy@imdb.com
333245,Claudie Thebes,333245,xt1pl5,cthebesz@marketwatch.com
241118,Cammy Spinella,241118,mUfJtJ0naeGL,cspinella10@addthis.com
570556,Oberon Heiner,570556,PX9z00Wgg,oheiner11@weibo.com
434632,Urban Wonham,434632,8QaEXKSk,uwonham12@omniture.com
953840,Adi Trudgeon,953840,DhnykvJSCzhb,atrudgeon13@wsj.com
081589,Ivy McCroary,081589,curwSwFU,imccroary14@ezinearticles.com
252570,Hiram Nudds,252570,OBy730Ra9T,hnudds15@prlog.org
281993,Emmie Wheatman,281993,Iv8n6uz,ewheatman16@examiner.com
254614,Rodina Le land,254614,CDxCR2Vav,rle17@marketwatch.com
222881,Corie Willishire,222881,WRnnd5EsK,cwillishire18@cbc.ca
100192,Webster Nary,100192,2AfyGCiQhC,wnary19@list-manage.com
241538,Aguste Cathesyed,241538,kUJYG23,acathesyed1a@multiply.com
646581,Erick Sarver,646581,bsOnIL9z,esarver1b@360.cn
961154,Eldon Ringer,961154,DR5YZ6,eringer1c@gov.uk
574048,Manya Seccombe,574048,NaRUXzttiOO,mseccombe1d@behance.net
055570,Bone Frankish,055570,hMJv07M,bfrankish1e@blinklist.com
710760,Noelle Lacy,710760,XqQDD7R3frWR,nlacy1f@abc.net.au
120782,Bryn Clynmans,120782,IeFEkWSJ6,bclynmans1g@w3.org
312882,Westbrook Cradoc,312882,0YUL5kAjQ,wcradoc1h@usgs.gov
580412,Eunice Calloway,580412,RA36mXz,ecalloway1i@naver.com
564610,Maurits Wildes,564610,bnVtlVMiN,mwildes1j@ning.com
285828,Lorianna Gusney,285828,wawCEu5HrTg,lgusney1k@google.cn
300390,Cherie Cicchinelli,300390,cfvWNNGVNhB,ccicchinelli1l@imdb.com
389433,Jyoti Maiklem,389433,FAA4zSWW,jmaiklem1m@miibeian.gov.cn
352767,Roselia Croser,352767,i8xzQzLIWgN5,rcroser1n@weibo.com
690674,Alfi Pinchbeck,690674,0SozAFp,apinchbeck1o@google.ru
961668,Dalt Birks,961668,yzT4qlbRj,dbirks1p@devhub.com
212693,Merrel Dowty,212693,jJg4kLm,mdowty1q@imgur.com
132334,Fina Mushart,132334,aMoBVOd8L,fmushart1r@php.net
429584,Jareb Ellesmere,429584,pAIs2A,jellesmere1s@canalblog.com
943750,Reggi Halford,943750,0UqIFe3NBgHA,rhalford1t@theguardian.com
283923,Clarissa Hefford,283923,qKBzABJh,chefford1u@histats.com
090138,Tabbitha Gifkins,090138,AgDlKXZMeR,tgifkins1v@flickr.com
515698,Lurlene Stormonth,515698,Dc712XzdMJf,lstormonth1w@mayoclinic.com
418860,Ashlie Challen,418860,YIVEKksIB,achallen1x@businesswire.com
488944,Tomasine Dumbelton,488944,tl3HFDD6,tdumbelton1y@goodreads.com
084730,Marni Piletic,084730,eiYuFayEGfh5,mpiletic1z@nbcnews.com
938649,Suzie Freezer,938649,iEew1W,sfreezer20@myspace.com
486792,Mattias Drinan,486792,Ll5AK2aSvNr6,mdrinan21@dailymail.co.uk
819941,Fifine Tocknell,819941,RkHOpMr,ftocknell22@storify.com
095259,Findley Toopin,095259,LNT5SzkbiFo,ftoopin23@google.de
859684,Michelle Kingswoode,859684,nDzi9N,mkingswoode24@quantcast.com
817971,Carlo Kelsey,817971,nAgtFvGM,ckelsey25@loc.gov
909313,Meryl Simyson,909313,O80mcYmz,msimyson26@netvibes.com
916709,Hephzibah Crowe,916709,8jOzss,hcrowe27@icio.us
680651,Dedie Georgeou,680651,Slzc04AdL0,dgeorgeou28@oakley.com
811023,Aleen MacDearmid,811023,iorrgTHgUsMo,amacdearmid29@yandex.ru
562691,Buddy Laidler,562691,d1fM8T8Kq,blaidler2a@vistaprint.com
179782,Alejandra Havesides,179782,uAWRVgS9pcl,ahavesides2b@archive.org
428099,Clementia Laxtonne,428099,Moadlw,claxtonne2c@comcast.net
324173,Kali Fusco,324173,RiBiUE,kfusco2d@ibm.com
994359,Thaddeus Lisle,994359,b4nLEhkZEAR,tlisle2e@accuweather.com
832338,Chaim Fawloe,832338,kXmtwjBNr,cfawloe2f@marketwatch.com
447956,Fifi Willmetts,447956,7PKqGeJV1,fwillmetts2g@oracle.com
304895,Deidre Oldroyde,304895,RGO2NNg7,doldroyde2h@wp.com
852485,Caron Ambrosetti,852485,nk8HRdi,cambrosetti2i@buzzfeed.com
264942,Jacquette Spykings,264942,XhflvsfiocMb,jspykings2j@smh.com.au
946030,Lindsay Jansema,946030,zWShU9E,ljansema2k@multiply.com
308158,Hendrika Peche,308158,WjTPeFDh,hpeche2l@loc.gov
001238,Bailey Lydster,001238,wrn2b4VVzyG,blydster2m@discuz.net
688459,Corrinne Lambeth,688459,uza6uO,clambeth2n@phpbb.com
257835,Melva Sebert,257835,oBS5JSXivz,msebert2o@kickstarter.com
151565,Jefferey Levene,151565,MSV1kOC1EZ,jlevene2p@sourceforge.net
210590,Tymothy Giacomo,210590,hwKUgVqTBO,tgiacomo2q@google.co.jp
153029,Beaufort Stoade,153029,8pxD6dL,bstoade2r@ted.com
